,Cities,Latitude,Longtitude,Max_Temp,Humidity,Cloudiness,WindSpeed,Country,Date
0,vyritsa,59.4548767806821,30.361195142584677,63.0,77.0,12.0,4.47,RU,1595200351.0
1,cherskiy,67.03707675118818,161.35273909177408,71.44,43.0,0.0,5.91,RU,1595200351.0
2,mount gambier,-43.12024570392598,138.01868471041576,44.6,93.0,40.0,6.93,AU,1595200351.0
3,caravelas,-25.382881455070105,-23.78799630659674,71.94,82.0,92.0,7.27,BR,1595200351.0
4,clyde river,72.17376830786253,-68.02660066041537,46.4,75.0,90.0,9.17,CA,1595200130.0
5,albany,-85.07936224958722,107.25776285412746,93.0,54.0,50.0,4.36,US,1595200351.0
6,bor,37.46046950520953,34.807837607228635,61.0,100.0,75.0,4.47,RU,1595200351.0
7,bethel,55.5755874708413,-164.6109991463733,87.01,62.0,1.0,10.29,US,1595200124.0
8,severo-kurilsk,33.158769731527755,169.48271548062968,51.96,87.0,100.0,11.56,RU,1595200351.0
9,luang prabang,19.898940981760774,103.15049408240486,74.21,89.0,100.0,0.96,LA,1595200166.0
10,katsuura,30.08618812461458,143.92874658635844,80.01,94.0,75.0,1.12,JP,1595200351.0
11,cape town,-56.696672082099155,4.203726456740725,60.01,93.0,40.0,9.17,ZA,1595200120.0
12,bowen,-18.957823364238266,149.0230276248846,70.0,93.0,90.0,6.33,AU,1595200352.0
13,hilo,19.69745830503588,-150.16902719881045,84.2,62.0,20.0,11.41,US,1595200105.0
14,tuktoyaktuk,79.09584012920632,-140.03618371507622,46.4,75.0,75.0,5.82,CA,1595200352.0
15,alexandria,32.664057637791245,29.32310226841392,77.0,78.0,0.0,9.17,EG,1595200352.0
17,viedma,-39.67277494068813,-64.14186136147596,48.99,93.0,92.0,4.0,AR,1595200343.0
18,ponta do sol,20.048585818244604,-28.45945426699612,71.6,64.0,20.0,6.93,PT,1595200352.0
19,saint-joseph,-25.199735680828965,54.730008361403605,62.6,72.0,40.0,4.7,RE,1595200053.0
20,gat,23.848788478157246,5.803090861157017,78.01,67.0,0.0,1.1,IL,1595200105.0
21,sokolovo,52.66215079713044,84.56152734772445,57.38,89.0,40.0,5.14,RU,1595200352.0
22,mataura,-74.88879901731725,-156.39193116215762,39.0,83.0,90.0,3.0,NZ,1595200083.0
23,marzuq,24.560602887530564,17.65184298001884,78.13,50.0,28.0,2.15,YE,1595200353.0
24,hermanus,-87.14978471203776,4.074569179205525,53.01,96.0,3.0,3.0,ZA,1595200353.0
25,chaumont,48.13835644767394,4.7199835701827055,59.0,82.0,8.0,4.12,FR,1595200353.0
26,gornopravdinsk,61.028581498180785,70.08890689478051,56.79,82.0,0.0,7.49,RU,1595200353.0
28,hobart,-79.01857471771814,134.86199775186975,48.2,57.0,75.0,14.99,AU,1595200353.0
29,new norfolk,-65.77327090193577,134.0269591966548,45.0,78.0,78.0,5.01,AU,1595200353.0
30,paamiut,60.954522154856875,-49.65597857809675,47.71,79.0,93.0,2.91,GL,1595200353.0
31,alghero,41.07429399912036,6.557327306837493,68.0,94.0,0.0,3.36,IT,1595200353.0
32,busselton,-38.78061267695047,106.93235940399285,46.99,77.0,43.0,7.2,AU,1595200353.0
33,luderitz,-29.95512456048023,1.0242539410656377,71.6,26.0,0.0,11.41,NA,1595200353.0
34,thompson,63.359418158889696,-96.12739255571358,75.2,41.0,75.0,9.17,CA,1595200353.0
36,comapa,14.068240230598647,-89.91514563901033,91.4,33.0,20.0,3.36,GT,1595200354.0
38,kodiak,55.936904184123364,-152.25405349263684,59.0,82.0,90.0,11.41,US,1595200354.0
39,sitka,56.14723653094714,-135.16239540043358,55.4,93.0,90.0,8.05,US,1595200354.0
40,rikitea,-18.716857076727095,-129.12746889014645,68.68,65.0,49.0,12.3,PF,1595200067.0
41,los llanos de aridane,26.995849492251935,-25.09955897074309,78.01,78.0,0.0,14.99,ES,1595200354.0
42,manavgat,36.719062148082344,31.612248640308735,77.0,88.0,0.0,1.1,TR,1595200354.0
43,cabo san lucas,8.54297414002751,-125.89163277779292,96.01,38.0,20.0,21.92,MX,1595200354.0
44,tiksi,77.49278646810782,127.64704772546276,61.77,59.0,16.0,9.26,RU,1595200354.0
45,guerrero negro,22.785702147114677,-122.37731995633675,77.29,63.0,4.0,17.92,MX,1595200119.0
46,okhotsk,61.60998602343989,142.19227171254943,60.06,82.0,83.0,7.29,RU,1595200354.0
47,mount isa,-21.520550286070602,136.96149445380598,62.6,20.0,43.0,4.7,AU,1595200354.0
48,nikolskoye,55.54981818038789,173.74338967038221,63.0,77.0,5.0,4.47,RU,1595200354.0
49,mino,35.55147824540211,136.8385166018022,82.0,83.0,99.0,1.12,JP,1595200354.0
50,bathsheba,16.783159269671202,-52.5666269582793,84.2,66.0,20.0,13.87,BB,1595200127.0
51,hithadhoo,-1.1947216994406347,74.1945908400744,83.52,77.0,100.0,16.37,MV,1595200064.0
52,kasongo,-4.317046018914482,27.276242417260846,70.97,41.0,3.0,2.53,CD,1595200355.0
53,mar del plata,-58.37850306099001,-33.265449914217584,52.0,100.0,90.0,13.87,AR,1595200320.0
54,saint-philippe,-53.62553896047404,69.79133199251953,64.4,72.0,40.0,4.7,RE,1595200252.0
55,east london,-52.56388481250999,42.888233058932514,59.92,65.0,0.0,7.52,ZA,1595200110.0
56,otradnoye,45.59698449064496,146.0918252295673,63.0,77.0,2.0,4.47,RU,1595200355.0
57,atuona,-8.113005702486333,-139.43656683560266,79.57,74.0,15.0,14.83,PF,1595200355.0
58,ushuaia,-89.82985628037375,-60.9143442873883,28.4,86.0,0.0,8.05,AR,1595200104.0
59,margate,-39.66973351031823,39.087886524003835,60.01,68.0,43.0,3.0,GB,1595200355.0
60,ahipara,-31.87583568345123,168.95873256511817,61.95,80.0,68.0,4.61,NZ,1595200109.0
61,inongo,-1.9714729937084172,18.861284453152138,69.55,66.0,84.0,2.3,CD,1595200302.0
62,ketchikan,55.6739192646084,-131.76472311003147,62.6,77.0,90.0,9.17,US,1595200088.0
64,cervo,45.14257133153842,-6.614912804264463,66.0,87.0,24.0,5.99,ES,1595200356.0
65,leningradskiy,67.38065094223151,177.96365363844978,41.05,71.0,52.0,7.54,RU,1595200089.0
67,kapaa,38.409240106042546,-155.63074286061988,84.2,74.0,75.0,16.11,US,1595200356.0
68,chokurdakh,70.20756662367452,146.40835661281199,72.93,44.0,67.0,17.31,RU,1595200356.0
69,ust-ishim,58.43781405950506,71.29835916445643,63.07,94.0,58.0,3.78,RU,1595200356.0
70,carnarvon,-22.26785440789726,100.58471574898442,48.2,87.0,0.0,8.05,AU,1595200263.0
71,bluff,-68.76690810399039,158.79619102813763,39.0,83.0,81.0,3.0,NZ,1595200356.0
72,latung,4.215343414119232,121.8761504060684,83.7,73.0,99.0,7.65,PH,1595200356.0
73,abu dhabi,21.256670956734354,53.468566464664406,95.0,50.0,34.0,10.29,AE,1595200290.0
75,turan,53.159287004154976,94.1719113847717,77.0,94.0,20.0,4.7,VN,1595200356.0
76,olinda,-11.225152177894145,-26.341705117110394,77.0,88.0,90.0,8.05,BR,1595200101.0
77,castro,-55.920240765148655,-106.39743293233613,58.01,90.0,21.0,3.53,BR,1595200357.0
78,port lincoln,-38.06316214738917,134.66409594099048,52.14,70.0,55.0,5.79,AU,1595200357.0
79,te anau,-43.01421204804109,162.4291735803402,45.81,85.0,100.0,1.68,NZ,1595200357.0
80,paita,-6.340971374649087,-85.69641994579572,63.28,81.0,5.0,17.18,PE,1595200357.0
81,dingle,48.86029685655643,-19.084260896829903,79.0,85.0,63.0,3.65,PH,1595200114.0
82,lebu,-36.22903360124714,-91.59999589006254,51.49,90.0,1.0,12.59,CL,1595200357.0
83,trincomalee,9.904577601234223,84.52612488844284,81.28,77.0,100.0,5.41,LK,1595200357.0
84,alofi,-20.715483110370272,-166.49948257362848,80.6,74.0,100.0,10.29,NU,1595200357.0
85,kutum,12.25850046412205,24.653813456620867,74.5,59.0,94.0,8.75,SD,1595200357.0
86,ribeira grande,29.672268636592293,-42.1293358322707,69.28,76.0,72.0,4.65,PT,1595200058.0
87,kaitangata,-79.40537795023928,179.53124013887236,46.99,74.0,97.0,5.99,NZ,1595200111.0
88,dakar,13.410527914646082,-19.89895122924284,80.6,88.0,20.0,4.7,SN,1595200183.0
89,goba,6.243732986461339,40.35420796533873,50.52,88.0,65.0,4.07,ET,1595200358.0
90,butaritari,22.90015372439568,170.8968836638291,83.44,77.0,75.0,15.3,KI,1595200106.0
91,svetlaya,45.03635676105108,138.57034602087458,63.91,77.0,99.0,3.0,RU,1595200271.0
92,saskylakh,77.81073957152643,109.23468087714963,56.97,67.0,38.0,10.25,RU,1595200358.0
93,kavaratti,10.36347290895796,63.57337573682938,81.37,80.0,100.0,14.61,IN,1595200358.0
94,pangkalanbuun,-1.439031223348863,111.97682045040904,73.47,99.0,39.0,1.72,ID,1595200084.0
95,mehran,33.012393902203215,45.47795291374399,77.0,16.0,0.0,4.7,IR,1595200358.0
96,tuatapere,-46.575728675371565,164.74026535608027,39.0,83.0,96.0,3.0,NZ,1595200358.0
97,tasiilaq,68.92293690775782,-37.64520794267881,50.0,76.0,0.0,9.17,GL,1595200136.0
98,mandalgovi,42.85058930865054,105.44368784431441,58.59,44.0,93.0,5.41,MN,1595200358.0
99,coahuayana,-1.9620493623953337,-113.52726795154612,71.6,83.0,90.0,23.04,MX,1595200359.0
100,manokwari,-2.450935876679182,133.6694954853536,82.4,69.0,84.0,5.35,ID,1595200359.0
101,jamestown,-24.81697705624893,-1.7727251410106248,75.99,94.0,20.0,10.29,US,1595200359.0
102,vila velha,-27.814134981336586,-22.317994905115683,69.8,94.0,75.0,5.82,BR,1595200359.0
103,shache,37.2433878621715,76.94719801886367,68.14,55.0,0.0,5.48,CN,1595200359.0
104,liyang,31.23121138639091,119.25676924917076,73.72,94.0,99.0,2.13,CN,1595200359.0
105,punta arenas,-68.45161179670416,-86.65657881497215,35.6,69.0,75.0,6.93,CL,1595200264.0
106,salalah,19.717511854809274,55.27086186524167,78.8,94.0,75.0,2.24,OM,1595200359.0
107,chuy,-58.53604497156719,-28.483820836952475,66.99,83.0,96.0,7.45,UY,1595200073.0
108,touros,-0.1093396125600492,-25.520675082686182,77.0,88.0,40.0,4.7,BR,1595200359.0
109,atherton,-17.714570873344044,143.53740043450426,53.01,85.0,21.0,7.87,GB,1595200359.0
110,yellowknife,70.21339336506387,-108.49648239071165,75.0,56.0,75.0,10.29,CA,1595200359.0
111,sahbuz,39.28614150718823,45.74159769160488,86.0,33.0,40.0,13.87,AZ,1595200359.0
112,dikson,74.07604351273,74.51319841353057,40.93,96.0,100.0,12.08,RU,1595200359.0
113,pisco,-19.23339999839709,-83.75900612740047,64.4,77.0,20.0,18.34,PE,1595200360.0
114,the valley,18.20649062482977,-62.81909179387421,86.0,70.0,40.0,12.75,AI,1595200137.0
115,mahibadhoo,4.0027645611389175,69.51931196081082,82.15,77.0,100.0,26.69,MV,1595200360.0
116,fukue,32.42021569349936,128.31624668358455,79.05,92.0,99.0,15.1,JP,1595200360.0
117,san rafael,-35.97953398734518,-67.77827520908917,54.59,56.0,1.0,8.55,AR,1595200360.0
118,zhigansk,67.73104612326759,119.40945544465643,61.7,65.0,99.0,5.57,RU,1595200123.0
119,malanje,-9.485386791002028,17.442561338855143,55.85,39.0,0.0,4.07,AO,1595200360.0
120,hambantota,1.5135435381085784,87.49018048605672,79.23,83.0,85.0,7.07,LK,1595200360.0
121,bengkulu,-12.247672093326344,94.19416869817411,75.4,91.0,46.0,5.06,ID,1595200360.0
122,collecchio,44.5297071638297,10.055016346968614,77.0,60.0,1.0,7.63,IT,1595200360.0
123,upernavik,79.54725905513735,-49.07614620657705,49.46,54.0,64.0,7.4,GL,1595200360.0
124,mahebourg,-43.135695731914055,74.58074779413536,68.0,77.0,75.0,14.99,MU,1595200360.0
125,esperance,-35.615358175924506,125.80824934863642,46.4,87.0,90.0,5.82,AU,1595200220.0
126,tahe,51.86381034861745,125.80502550334785,62.56,95.0,100.0,6.15,CN,1595200361.0
127,conde,-13.513646153938168,-36.19283774852832,75.2,94.0,75.0,8.05,BR,1595200361.0
128,kruisfontein,-77.9863906109763,29.523530017877846,52.77,40.0,0.0,4.85,ZA,1595200157.0
129,taksimo,54.99762585713515,116.06698022104672,50.05,88.0,100.0,3.96,RU,1595200361.0
130,salvador,-13.52652789526465,-37.090591596303256,89.6,66.0,20.0,8.05,SV,1595200361.0
131,port elizabeth,-43.19259501871527,27.314852760979562,53.6,100.0,0.0,3.36,ZA,1595200091.0
133,porto novo,12.79000897758057,-38.86471456678072,77.0,94.0,40.0,6.93,BJ,1595200239.0
134,vaini,-65.3826251300873,-174.13938593565464,68.0,100.0,90.0,9.17,TO,1595200361.0
135,ilebo,-3.3161654339061357,20.841084441468894,70.3,42.0,57.0,1.34,CD,1595200361.0
136,kununurra,-16.965134690080973,130.267693848879,57.2,25.0,0.0,5.55,AU,1595200361.0
138,airai,10.642905054327315,136.73517494152645,57.42,55.0,19.0,2.71,TL,1595200361.0
139,marsh harbour,29.757380519825205,-76.46117113314217,83.55,77.0,4.0,15.08,BS,1595200361.0
140,erdenet,49.84195134384359,104.65341215442089,49.23,83.0,42.0,2.62,MN,1595200362.0
141,bredasdorp,-60.918041854495655,17.949665191386885,57.2,93.0,4.0,1.12,ZA,1595200362.0
142,nanortalik,54.467850405418545,-37.70785919008219,48.94,75.0,3.0,7.18,GL,1595200362.0
143,businga,2.92905366928656,20.786717673123093,70.5,95.0,100.0,1.36,CD,1595200362.0
144,avarua,-31.020829796726773,-157.03700188926913,71.6,88.0,77.0,19.46,CK,1595200107.0
145,vardo,74.81719827376537,32.54845522952655,54.25,95.0,100.0,9.51,NO,1595200362.0
146,siavonga,-17.368279109783202,28.910490550006045,61.21,70.0,0.0,4.94,ZM,1595200362.0
147,qaanaaq,89.00988826238134,-70.30233203745702,47.37,69.0,99.0,1.43,GL,1595200113.0
148,comodoro rivadavia,-45.83686468267834,-68.88809397193498,42.8,100.0,90.0,14.99,AR,1595200362.0
149,port alfred,-85.75914649606823,46.428387067447744,60.24,71.0,0.0,6.98,ZA,1595200362.0
150,burns lake,55.841913613135375,-125.25741166110296,71.85,39.0,55.0,7.38,CA,1595200362.0
151,provideniya,39.44702117947594,-179.2124193171196,55.4,66.0,75.0,8.95,RU,1595200106.0
152,torbay,46.889255834419004,-43.11308568368867,71.6,49.0,20.0,11.41,CA,1595200363.0
153,mana,7.63201260920053,-53.793694410388724,79.27,82.0,86.0,9.4,GF,1595200363.0
154,san cristobal,-0.892766534431658,-86.35467536659266,93.2,36.0,20.0,12.75,VE,1595200363.0
155,lata,-6.154486303948019,165.25077739897642,66.0,94.0,0.0,2.01,PT,1595200363.0
156,sinnamary,9.903767573795577,-49.43939098205203,79.11,82.0,84.0,9.13,GF,1595200363.0
157,harindanga,21.87544620715127,88.25859068761844,84.2,89.0,75.0,6.93,IN,1595200363.0
158,norman wells,74.0810124990038,-123.5577974338193,64.4,63.0,75.0,5.82,CA,1595200363.0
159,esmeraldas,1.594500498775389,-80.12468452010413,64.4,68.0,0.0,10.29,BR,1595200363.0
160,kamaishi,37.805938884803865,143.8787749296239,69.71,87.0,90.0,1.81,JP,1595200363.0
161,taoudenni,20.71007567920499,-7.068466229999672,101.97,15.0,46.0,5.61,ML,1595200363.0
162,vaitape,-16.722256898400403,-153.06045779704547,78.19,81.0,71.0,20.56,PF,1595200363.0
163,college,65.93696044719226,-151.37021018436675,72.0,52.0,75.0,3.36,US,1595200364.0
164,lucea,18.17791808278791,-78.27040895789469,84.99,74.0,40.0,3.36,JM,1595200364.0
165,kieta,2.6809534680625973,160.95489881209483,83.71,67.0,0.0,4.88,PG,1595200364.0
166,sao gabriel da cachoeira,-0.4703323184097883,-66.80690331457131,75.42,95.0,85.0,1.79,BR,1595200364.0
167,puerto ayora,-1.3251942074809904,-105.77185974176913,71.01,89.0,96.0,5.01,EC,1595200104.0
168,necochea,-45.05889491343802,-56.781603570451054,52.0,95.0,76.0,11.01,AR,1595200364.0
169,manali,32.327251389761145,77.46867130396004,80.6,88.0,40.0,2.24,IN,1595200364.0
170,camocim,-1.1127180204039604,-40.92047629344006,78.48,71.0,39.0,13.49,BR,1595200364.0
171,matagami,50.87739628072808,-77.54419247907106,78.8,74.0,75.0,7.74,CA,1595200295.0
172,berlevag,81.33414538942498,32.157689811781125,52.36,88.0,100.0,7.0,NO,1595200123.0
173,sao filipe,7.2046634042238935,-26.554064229159252,77.27,82.0,86.0,7.72,CV,1595200364.0
174,rakaia,-43.765312233464044,171.99117750632706,59.0,68.0,20.0,5.01,NZ,1595200364.0
175,cockburn town,23.516178589560184,-69.40903273942197,84.2,74.0,40.0,18.34,TC,1595200364.0
176,sarakhs,36.288410695521264,62.28339852426711,81.01,15.0,0.0,8.48,IR,1595200365.0
177,warrington,26.730729046747683,-87.28575736512062,55.4,71.0,20.0,4.7,GB,1595200365.0
178,saint george,30.299303557836907,-57.72570757505386,106.0,7.0,1.0,16.11,US,1595200247.0
179,nhulunbuy,-12.229742820224033,139.55641964120696,77.0,65.0,19.0,9.17,AU,1595200365.0
180,hervey bay,-20.85409682478796,156.58271908480293,66.0,77.0,0.0,4.0,AU,1595200365.0
181,slave lake,55.415061791992315,-114.56378234496066,64.4,77.0,75.0,12.75,CA,1595200365.0
182,qaqortoq,64.60541178081837,-42.93240782920108,57.2,44.0,6.0,8.05,GL,1595200365.0
183,hellvik,57.022302388464595,5.219159542876639,53.01,86.0,14.0,3.0,NO,1595200365.0
184,olafsvik,62.82872654534839,-26.419333435561043,48.27,79.0,21.0,6.53,IS,1595200365.0
185,banjar,-16.77671301005587,105.47698901084141,78.8,100.0,75.0,10.29,ID,1595200246.0
186,vao,-31.381618201968806,164.82768248251978,69.42,69.0,13.0,13.31,NC,1595200365.0
187,byron bay,-27.49009005973025,160.61439372151187,63.0,100.0,0.0,8.19,AU,1595200365.0
188,vanimo,4.744075329823616,143.47644092648432,81.34,73.0,31.0,5.99,PG,1595200365.0
189,narsaq,75.96221312542747,-67.74740060937434,57.2,44.0,21.0,8.05,GL,1595200365.0
190,ulaanbaatar,48.52720640966845,105.83006777472883,44.6,81.0,40.0,2.24,MN,1595200366.0
191,hasaki,26.05861828317289,154.98817096993372,78.01,94.0,75.0,5.82,JP,1595200366.0
193,gualaquiza,-3.4363031344481527,-78.33889236929468,64.89,79.0,76.0,0.45,EC,1595200366.0
194,vila franca do campo,38.5713679393194,-20.93057190897477,69.8,68.0,75.0,5.82,PT,1595200343.0
195,don sak,9.052830741642452,99.79687146596314,82.4,83.0,20.0,5.55,TH,1595200366.0
196,pacifica,35.79309926734244,-127.42598152136532,72.0,82.0,90.0,5.82,US,1595200366.0
197,luganville,-15.668046536587852,164.8005472527957,75.2,69.0,75.0,4.7,VU,1595200366.0
199,adrar,26.46267974382974,4.128641168476378,96.22,20.0,33.0,6.33,MR,1595200366.0
200,dekar,-21.096371034329152,22.000296054848235,47.86,50.0,0.0,4.92,BW,1595200266.0
201,hamilton,30.13363323162207,-63.754794551195474,73.4,100.0,40.0,11.41,US,1595200366.0
202,tabou,-0.3754182780982802,-6.525821690148376,75.49,90.0,79.0,8.59,CI,1595200367.0
203,tessalit,21.033236218743667,1.263433290081224,88.7,30.0,9.0,8.55,ML,1595200178.0
204,faanui,-7.409287667615558,-154.94144725950463,77.34,83.0,71.0,20.67,PF,1595200367.0
205,lavrentiya,70.371684784911,-169.28842892365918,50.4,62.0,66.0,10.0,RU,1595200367.0
206,poum,-17.9715634746901,163.7554711266405,71.82,63.0,34.0,12.01,NC,1595200367.0
207,namibe,-19.302079721075273,6.128903346627368,67.46,73.0,0.0,7.02,AO,1595200104.0
208,belyy yar,59.51486174207176,85.66026239699642,53.6,71.0,0.0,2.24,RU,1595200367.0
209,luwuk,-1.4554360567129976,124.75802360700658,78.03,77.0,63.0,6.29,ID,1595200367.0
210,kafanchan,9.121477560480429,8.300545064615307,67.64,98.0,78.0,2.44,NG,1595200084.0
211,wattegama,4.062262400649928,86.00898188596892,76.51,82.0,78.0,0.4,LK,1595200367.0
212,naze,24.246482127173337,136.58324479600327,84.2,83.0,75.0,12.75,JP,1595200367.0
213,venice,26.218941809399382,-84.51225761848384,82.0,88.0,1.0,5.82,US,1595200117.0
214,sao joao da barra,-25.26820716344855,-37.1668302838948,70.56,87.0,0.0,11.1,BR,1595200122.0
215,ilulissat,85.12687252338915,-41.823995678513796,53.6,46.0,91.0,2.24,GL,1595200367.0
216,broome,-21.22559038620868,122.34809397066772,75.0,83.0,20.0,8.05,US,1595200367.0
217,waipawa,-47.36966934383949,179.93293413561878,62.01,59.0,90.0,9.84,NZ,1595200367.0
219,enid,36.113026503960754,-98.03674107233266,93.99,49.0,1.0,11.41,US,1595200164.0
220,bambous virieux,-37.76546334887183,82.99401499844197,68.0,77.0,75.0,14.99,MU,1595200368.0
221,fortuna,40.03813460656741,-135.73069089079542,69.01,72.0,20.0,12.75,US,1595200348.0
222,kansanshi,-11.762995966810905,26.027007189557395,46.4,80.0,11.0,4.88,ZM,1595200368.0
223,macau,-4.845514255590018,-36.27817493370162,84.2,94.0,40.0,3.36,MO,1595200368.0
224,kalyazin,57.21475291204629,38.09444113470124,57.52,92.0,90.0,5.21,RU,1595200368.0
225,chicama,-11.891917751379708,-85.20204574805864,64.72,72.0,8.0,7.74,PE,1595200183.0
226,san patricio,1.0595594508334898,-115.67657142981976,87.8,74.0,40.0,11.41,MX,1595200368.0
227,honningsvag,75.2580569441634,25.620163336388146,51.22,86.0,100.0,2.55,NO,1595200368.0
228,bilma,19.99645075881034,10.477205058894725,95.56,15.0,33.0,9.48,NE,1595200368.0
229,arman,58.084432729645414,146.85944757486567,61.18,60.0,68.0,7.14,RU,1595200247.0
230,florida,-34.0077904279411,-55.66505676063376,91.99,49.0,75.0,3.36,US,1595200326.0
232,linfen,35.8619458191277,111.82023946740748,77.85,51.0,0.0,1.86,CN,1595200369.0
234,geraldton,-28.782843697340695,115.82894221275546,48.2,81.0,0.0,1.12,AU,1595200369.0
235,ulaangom,49.14375270858642,91.1599747509548,66.07,61.0,0.0,1.41,MN,1595200168.0
236,kazerun,29.854895463315458,51.97664000669542,84.61,16.0,0.0,7.0,IR,1595200369.0
237,rawson,-49.78766297381757,-57.31685807684285,45.36,82.0,100.0,11.56,AR,1595200369.0
239,pevek,85.26830449696246,171.51117312462424,46.87,58.0,0.0,5.14,RU,1595200144.0
241,nishihara,19.04810814410736,136.9643004821241,84.2,88.0,75.0,8.05,JP,1595200345.0
242,miles city,46.81374401871605,-106.16052090253226,87.8,20.0,40.0,10.29,US,1595200369.0
243,noumea,-22.866892345005454,165.78009722010472,72.0,68.0,20.0,2.24,NC,1595200369.0
244,barrow,85.46124802912237,-151.9703443844828,37.4,74.0,75.0,11.41,US,1595200369.0
245,batak,42.013977285188986,24.1823502887201,62.6,93.0,0.0,3.36,BG,1595200370.0
246,roma,-28.41688432925475,146.65793070047607,84.2,54.0,1.0,9.17,US,1595200370.0
248,srednekolymsk,76.44134479275604,155.8693636197355,74.17,40.0,0.0,12.24,RU,1595200177.0
249,taltal,-25.800059735253683,-77.76585726019533,56.95,77.0,58.0,2.57,CL,1595200370.0
250,mazagao,0.4272179626383945,-52.441227417321954,80.6,78.0,75.0,4.7,BR,1595200370.0
251,samarai,-13.55192119591699,154.14593873327453,76.14,86.0,100.0,15.05,PG,1595200370.0
252,shingu,29.154102420937065,136.72030398705215,78.8,94.0,75.0,3.36,JP,1595200370.0
253,davidson,51.75247740561076,-106.16112435181437,93.2,44.0,75.0,8.05,US,1595200284.0
254,iquique,-19.818693415865823,-71.1437688919894,60.8,67.0,75.0,8.05,CL,1595200181.0
255,novo aripuana,-6.270091911255221,-59.71951672463514,80.28,61.0,92.0,1.97,BR,1595200370.0
256,sorland,68.7758542145055,8.805621910923435,55.11,85.0,68.0,12.24,NO,1595200370.0
258,joniskis,56.32547028513403,23.586817765742524,64.4,72.0,88.0,3.36,LT,1595200371.0
259,acarau,10.339284753794729,-38.755105528781485,76.93,79.0,43.0,12.75,BR,1595200119.0
260,atambua,-8.59747384370094,124.92092619354383,68.54,79.0,5.0,5.01,ID,1595200371.0
261,evensk,64.88248185878294,159.42936926071184,62.33,66.0,78.0,20.24,RU,1595200371.0
262,egvekinot,58.266367180851205,-179.95789397223714,49.28,55.0,0.0,7.18,RU,1595200118.0
263,vanavara,61.75816379642427,103.79267695571787,49.57,85.0,12.0,1.36,RU,1595200371.0
264,katiola,8.211529295871244,-5.437935287541507,75.2,100.0,20.0,4.7,CI,1595200371.0
265,asau,-14.214942995762868,179.4860906675479,60.01,97.0,100.0,3.0,RO,1595200371.0
266,ancud,-41.081399494867654,-102.96900172777319,48.99,100.0,20.0,6.93,CL,1595200371.0
267,two rivers,43.87034110211226,-87.01546777189961,80.6,44.0,1.0,14.99,US,1595200371.0
268,lakki marwat,32.55395216078087,71.10613309400134,98.06,33.0,13.0,11.34,PK,1595200371.0
269,twin falls,42.478417422713136,-114.6719089449503,89.6,15.0,1.0,12.75,US,1595200371.0
270,that phanom,16.939180662649363,105.24121418634985,82.0,99.0,100.0,2.55,TH,1595200371.0
271,narrabri,-30.112045250442243,150.3959423404744,48.99,93.0,0.0,10.38,AU,1595200119.0
272,umm kaddadah,17.291824678720545,27.5721595428503,81.0,61.0,87.0,14.34,SD,1595200372.0
273,pangnirtung,66.98286833959847,-67.48347917006096,59.34,52.0,100.0,1.61,CA,1595200372.0
274,lerwick,59.409452990579865,0.21860989565891487,50.0,87.0,12.0,4.7,GB,1595200372.0
275,hanko,59.96077347333048,23.021237215363016,64.0,82.0,99.0,3.0,FI,1595200372.0
277,aleksandrov gay,49.561219608301315,49.884598757338296,68.77,56.0,0.0,5.44,RU,1595200372.0
278,kyabram,-36.26061816663813,145.15969046166776,46.0,84.0,0.0,8.01,AU,1595200372.0
279,bardiyah,32.75917678323721,25.27721821466767,72.84,87.0,0.0,10.47,LY,1595200372.0
280,khandyga,64.47772063774909,133.96009186331594,78.85,68.0,5.0,3.06,RU,1595200372.0
281,palauig,14.587795471402927,118.15549255634772,82.83,68.0,60.0,4.27,PH,1595200372.0
283,farafangana,-23.408209228057927,50.583388514218285,66.54,66.0,96.0,3.91,MG,1595200373.0
284,toccoa,34.814649197125036,-83.50475735235248,86.0,58.0,1.0,3.36,US,1595200341.0
285,aden,11.795525675511513,46.213367018894274,86.36,68.0,49.0,20.94,YE,1595200360.0
286,kahului,25.52296308304959,-153.77436582880105,87.8,55.0,20.0,27.51,US,1595200190.0
288,lalmohan,21.159816172062406,90.4265739819682,83.03,82.0,100.0,15.08,BD,1595200245.0
291,henties bay,-20.63283408523091,9.592792341472176,72.0,23.0,0.0,7.87,NA,1595200373.0
292,ahome,25.64234778503001,-109.9963513299388,93.0,55.0,40.0,11.41,MX,1595200373.0
293,nouadhibou,23.136918355998617,-18.889076938194847,71.6,88.0,11.0,12.75,MR,1595200373.0
294,diourbel,14.677939240252996,-16.282758128190295,82.4,83.0,84.0,11.05,SN,1595200373.0
295,lisakovsk,51.95134879856761,63.18238128870246,69.44,79.0,99.0,3.18,KZ,1595200100.0
296,marapanim,0.37810111891002407,-47.85459337642192,74.48,93.0,64.0,4.79,BR,1595200265.0
297,ekibastuz,51.61848780308077,74.97501883422467,70.57,61.0,6.0,5.06,KZ,1595200373.0
298,port hardy,42.241987162010815,-140.6553370283523,68.0,64.0,20.0,19.46,CA,1595200373.0
299,kassala,14.976079763322417,35.10719422222576,79.25,67.0,98.0,21.25,SD,1595200373.0
300,meulaboh,-3.529371568386523,88.40925395473226,78.22,85.0,97.0,4.56,ID,1595200374.0
301,balsas,-8.00357414069778,-46.10322033851867,79.11,42.0,80.0,3.78,BR,1595200374.0
302,broken hill,-28.73977332446495,144.02040570960366,39.2,80.0,15.0,9.19,AU,1595200301.0
303,narasannapeta,14.15287560996974,87.57599431282779,82.02,84.0,100.0,9.75,IN,1595200374.0
304,dire,12.753096867420822,-10.603711831559849,74.5,94.0,75.0,1.3,ML,1595200374.0
305,dalvik,66.99652868329449,-19.358400451981083,48.2,76.0,40.0,10.29,IS,1595200198.0
306,port-gentil,-4.670061236749277,0.10980054621666113,75.2,88.0,20.0,11.68,GA,1595200161.0
307,buala,-6.158543175666978,158.65785285762672,83.52,71.0,55.0,5.44,SB,1595200115.0
308,vostok,53.75792893117534,150.65380905337844,70.07,71.0,100.0,2.55,RU,1595200374.0
309,loudeac,48.29907916499806,-2.6239430939114925,62.6,88.0,90.0,11.41,FR,1595200374.0
310,jishou,29.15648599075091,108.9478386709913,70.25,89.0,53.0,1.57,CN,1595200374.0
311,portland,-40.1307647432221,141.0305347994144,91.0,33.0,20.0,8.05,US,1595200310.0
312,pio xii,-4.12286021858975,-46.18152665491991,76.62,72.0,72.0,0.98,BR,1595200374.0
313,takoradi,0.0037004037646255483,-0.2236646675847851,75.07,91.0,7.0,6.82,GH,1595200374.0
314,orsha,54.48624098198442,30.309905774023633,55.99,87.0,52.0,2.59,BY,1595200375.0
315,novyy urengoy,66.09535761734921,76.4896959256854,50.56,87.0,59.0,14.88,RU,1595200375.0
316,rodrigues alves,-11.998394982346014,-64.55337011321016,80.76,66.0,65.0,1.43,BR,1595200375.0
320,raga,7.150853147223941,24.92596807470605,67.57,95.0,100.0,3.87,SS,1595200375.0
321,brae,67.6820642862919,-1.3255994459915712,50.0,87.0,6.0,4.7,GB,1595200375.0
322,shitanjing,39.96720440563465,105.84516165531392,70.75,30.0,57.0,8.25,CN,1595200375.0
323,kosonsoy,42.00323068452818,71.56068415108973,75.2,36.0,25.0,9.17,UZ,1595200376.0
324,rosarito,31.803710993214054,-118.36219092452626,81.0,61.0,5.0,12.75,MX,1595200376.0
325,wuwei,38.263817626209374,103.94314829341022,64.99,58.0,96.0,3.02,CN,1595200376.0
326,matara,-0.5703043498437097,80.71896623840598,77.97,88.0,90.0,8.23,LK,1595200125.0
327,san carlos,-17.008154650956612,-64.00000636223432,77.2,88.0,84.0,3.02,VE,1595200376.0
328,wellington,-32.582630235884025,148.9826112304333,59.0,67.0,37.0,8.05,NZ,1595200370.0
329,arraial do cabo,-34.845097386109316,-37.55115655487339,71.19,84.0,0.0,23.0,BR,1595200376.0
330,kasamwa,-2.887750175078267,32.32775037104366,63.84,50.0,64.0,6.04,TZ,1595200376.0
331,bam,29.975339273972068,58.15718238394385,81.07,15.0,0.0,12.86,IR,1595200376.0
332,champerico,6.5922666992277215,-93.96301495939511,82.4,88.0,75.0,6.93,GT,1595200376.0
333,lethem,4.297709497929759,-60.26200234088655,78.17,84.0,98.0,6.04,GY,1595200377.0
334,verkhnyaya inta,66.96534389964674,60.502819465679664,50.09,89.0,0.0,7.49,RU,1595200350.0
335,dunkirk,42.604107672367235,-79.43396378159377,60.01,85.0,81.0,1.99,FR,1595200377.0
336,victoria,-3.548947981344824,58.15130724242232,84.0,79.0,100.0,9.48,HK,1595200277.0
338,quang ngai,14.644135751030603,108.9414081455372,78.37,84.0,92.0,4.38,VN,1595200151.0
339,camacha,36.75573790419598,-14.259049678251813,69.8,77.0,20.0,9.17,PT,1595200377.0
340,terrace,54.769609447835535,-128.12760861798526,75.2,47.0,40.0,6.93,CA,1595200377.0
341,sakakah,30.006025739918243,42.79194568776339,93.2,9.0,0.0,11.41,SA,1595200143.0
342,pitimbu,-7.182579142220888,-33.2887944546265,75.2,94.0,75.0,8.05,BR,1595200377.0
343,sidhi,24.240114994885147,81.9738045213806,80.26,81.0,100.0,10.85,IN,1595200377.0
344,lompoc,31.49584012842824,-126.14249779978388,71.01,64.0,6.0,16.11,US,1595200161.0
345,ambilobe,-13.193317265837635,49.63355020843059,66.2,70.0,17.0,5.64,MG,1595200091.0
346,saint-francois,18.936521178780723,-54.5534206052115,63.0,77.0,0.0,3.36,FR,1595200378.0
347,wajir,1.0885524767899284,40.740310824306675,72.91,67.0,84.0,16.06,KE,1595200378.0
348,berdigestyakh,61.62072302326624,125.7813582020035,73.2,78.0,44.0,10.36,RU,1595200378.0
349,zyryanka,67.00810503932658,151.22324253268033,73.53,43.0,12.0,15.57,RU,1595200378.0
350,bom jesus,-9.359436351528146,-44.092134168351606,75.56,44.0,36.0,5.1,BR,1595200378.0
351,turukhansk,63.635902004865926,89.54359510840601,56.52,64.0,100.0,5.95,RU,1595200119.0
352,neiafu,-17.664961465536678,-177.8207434803165,73.4,83.0,75.0,14.99,TO,1595200378.0
353,georgetown,-13.14946302222937,-14.704423556419755,78.8,100.0,40.0,4.7,MY,1595200378.0
354,panguna,-5.417215527111438,154.0078214816573,78.26,71.0,0.0,1.48,PG,1595200378.0
355,dhali,10.45364943562673,77.27489217199087,75.2,94.0,75.0,3.36,IN,1595200378.0
356,kavieng,7.755311344506865,152.8260901544466,83.23,74.0,29.0,9.69,PG,1595200378.0
359,scarborough,54.653738332488984,-0.2749141479940249,57.0,74.0,61.0,13.2,GB,1595200379.0
360,boa vista,3.285243851628451,-60.89881697239569,78.8,83.0,75.0,2.24,BR,1595200379.0
361,livani,56.59672144138054,26.244556667527974,58.01,94.0,15.0,3.53,LV,1595200379.0
363,birobidzhan,48.92475008148901,133.08049470368832,70.75,88.0,97.0,5.03,RU,1595200379.0
364,basco,20.520775934988436,124.47391759285307,84.51,78.0,29.0,12.82,PH,1595200379.0
365,nyurba,65.55171190563075,117.02562744806687,56.25,97.0,100.0,12.08,RU,1595200379.0
366,port macquarie,-33.623783965916594,155.95726325102964,51.01,91.0,1.0,7.02,AU,1595200379.0
367,grindavik,63.557131893608556,-22.494312260607302,48.2,87.0,75.0,4.7,IS,1595200379.0
368,sidi ali,35.75758150724084,0.2343824283326228,76.95,44.0,0.0,4.45,DZ,1595200379.0
369,bubaque,2.3526865326010693,-23.081111333247037,80.17,83.0,100.0,17.96,GW,1595200379.0
370,arinos,-16.22976851518348,-45.5279002307831,67.95,55.0,40.0,4.27,BR,1595200379.0
371,asyut,23.138381033986207,25.909198597401684,80.6,44.0,1.0,6.93,EG,1595200335.0
373,portel,-1.823696373278267,-50.923936329805514,80.13,67.0,73.0,2.46,BR,1595200380.0
374,zhireken,53.31927704300796,117.76291466250768,54.93,89.0,81.0,2.75,RU,1595200380.0
375,bandarbeyla,9.226201681667561,56.49997202252547,79.79,62.0,71.0,23.29,SO,1595200366.0
376,axim,4.7671602989422155,-2.1814426023986755,75.02,92.0,41.0,6.13,GH,1595200380.0
377,juazeiro,-9.680866114331039,-40.3543912875609,82.4,37.0,75.0,11.41,BR,1595200380.0
378,nemuro,38.05859219185453,148.56288776271657,60.84,92.0,46.0,3.09,JP,1595200293.0
379,christchurch,-43.83450420092035,173.8617847504628,54.0,87.0,2.0,10.29,NZ,1595200380.0
380,were ilu,10.737390266128088,39.4098747245817,54.77,87.0,30.0,2.57,ET,1595200380.0
381,morgan city,28.842279059230577,-91.21200232473751,82.4,78.0,1.0,8.05,US,1595200203.0
382,sur,17.11510969730371,60.52383611832843,85.75,75.0,63.0,12.73,OM,1595200209.0
383,araouane,18.28430148299367,-3.9956477300082724,97.57,26.0,30.0,0.04,ML,1595200220.0
384,aykhal,64.68310202852203,110.22402517682116,53.6,100.0,90.0,8.95,RU,1595200380.0
385,imbituba,-31.825784353381785,-40.84577910663657,68.0,82.0,0.0,11.41,BR,1595200381.0
386,kailua,22.294638894431174,-156.90308882716704,82.99,65.0,75.0,14.99,US,1595200123.0
387,saku,36.20083024769539,138.62811824055052,69.01,99.0,100.0,0.83,JP,1595200381.0
388,ballesteros,18.54464440350236,121.55690338879953,79.66,84.0,0.0,10.98,PH,1595200381.0
389,thinadhoo,0.09723364447499705,66.74010094240418,84.09,75.0,100.0,18.59,MV,1595200381.0
390,cidreira,-51.74454617885138,-26.691464059029045,66.33,78.0,57.0,9.89,BR,1595200381.0
391,klaksvik,68.43064002210355,-1.789297217492276,50.0,87.0,100.0,10.29,FO,1595200118.0
392,shumikha,55.68776349490503,63.122911113815974,65.75,95.0,98.0,18.16,RU,1595200272.0
393,amurzet,48.11178925767291,130.8241235942491,63.95,84.0,100.0,9.37,RU,1595200381.0
394,virginia beach,36.330341935595754,-74.47781397216333,93.99,59.0,75.0,4.7,US,1595200381.0
395,santa rosa,-37.541724516494135,-64.97671671500308,82.99,83.0,96.0,5.82,PH,1595200382.0
396,bulgan,49.24052311716801,102.47883914591682,50.07,84.0,40.0,1.74,MN,1595200382.0
397,poso,-0.8993551484041546,121.16983594428928,78.75,73.0,22.0,6.73,ID,1595200359.0
398,kalmunai,8.324863813269644,85.54541875395819,80.37,79.0,92.0,5.39,LK,1595200382.0
399,hibbing,47.334835464423975,-93.53485189146826,71.6,56.0,75.0,23.04,US,1595200382.0
400,tautira,-14.280282973215947,-145.4598881721431,80.6,65.0,75.0,5.82,PF,1595200382.0
401,maniitsoq,63.898174719417,-54.708976830403174,50.79,79.0,69.0,2.28,GL,1595200382.0
403,awassa,7.3100205712793525,38.14280765739156,56.82,80.0,80.0,3.94,ET,1595200382.0
404,maicao,11.48674717057608,-72.02870384909437,84.54,68.0,88.0,11.79,CO,1595200382.0
405,vestmannaeyjar,59.07916967804698,-17.43585326977012,49.64,81.0,34.0,12.37,IS,1595200366.0
406,gamba,-7.776182500903872,2.8667651676722983,72.77,82.0,76.0,5.35,GA,1595200382.0
407,baykit,67.57702070152396,94.9795352689448,52.05,70.0,12.0,1.9,RU,1595200383.0
408,wete,-5.127562633419672,39.77796774665305,75.25,72.0,42.0,14.27,TZ,1595200383.0
409,kaeo,-30.48832814962998,174.17084189913749,60.01,3.0,71.0,5.01,NZ,1595200152.0
410,nueva guinea,11.773100165708442,-84.69840003491163,79.5,85.0,100.0,8.25,NI,1595200383.0
411,eureka,40.36385375660956,-141.27379731384224,68.0,80.0,10.0,5.01,US,1595200261.0
412,makungu,-8.347396940576857,35.44481708955681,52.3,85.0,21.0,1.45,TZ,1595200383.0
413,amasya,40.72621440097632,35.7749410326669,66.2,55.0,0.0,5.82,TR,1595200383.0
414,port hedland,-23.24997930771785,122.08913235561289,59.0,67.0,0.0,9.17,AU,1595200372.0
415,lasa,34.90599320328019,90.18931150153941,60.8,72.0,20.0,3.36,IT,1595200383.0
416,pouembout,-21.25544359418197,164.95217583587277,72.43,60.0,34.0,6.29,NC,1595200383.0
417,amalapuram,15.12271294717766,82.85426510805138,81.36,88.0,100.0,4.94,IN,1595200147.0
418,rongcheng,26.402779966632238,104.23553335351653,69.64,93.0,100.0,1.45,CN,1595200383.0
420,bonthe,1.1881435015375814,-16.760488339199014,76.53,88.0,100.0,8.77,SL,1595200112.0
421,port augusta,-27.763757205204364,138.7947218379005,48.2,76.0,90.0,4.7,AU,1595200384.0
422,vicksburg,32.816632515537975,-91.07960361766904,95.0,50.0,1.0,3.36,US,1595200384.0
424,half moon bay,30.429382113853222,-136.7291861477214,77.0,82.0,90.0,5.82,US,1595200384.0
425,copalillo,18.03763631250706,-99.06137195593382,87.19,43.0,0.0,1.68,MX,1595200384.0
426,bombay,18.955105114570486,72.33822687465187,82.4,94.0,75.0,4.7,IN,1595200264.0
427,medicine hat,49.78412726430446,-110.45062249396429,75.99,38.0,75.0,5.82,CA,1595200384.0
428,pucallpa,-8.071067659634366,-74.073352218772,86.0,66.0,40.0,3.36,PE,1595200384.0
430,porto velho,-8.820945790321161,-63.27553450164572,89.6,52.0,20.0,4.7,BR,1595200178.0
432,sisimiut,65.0295284625245,-56.688277666670444,53.29,72.0,78.0,4.85,GL,1595200118.0
433,alice springs,-25.908855350873893,138.4002582132361,46.4,61.0,65.0,10.42,AU,1595200385.0
434,seoul,38.224787840821705,125.31911818627219,78.8,83.0,90.0,5.82,KR,1595200236.0
435,bhabua,24.99888217657849,83.79372707165811,83.34,81.0,100.0,0.94,IN,1595200385.0
436,victor harbor,-35.704718873904476,138.85360506679535,48.99,89.0,47.0,7.14,AU,1595200362.0
437,matsubase,32.63622321992784,130.74447016686662,80.6,83.0,75.0,4.7,JP,1595200385.0
438,heiligenhafen,54.28857709924634,11.094323500690734,64.99,88.0,61.0,4.7,DE,1595200385.0
439,fonte boa,-2.7894266782212185,-66.32991049122334,76.35,92.0,66.0,1.92,BR,1595200385.0
440,talnakh,68.14662147495989,92.85165021002109,48.2,81.0,94.0,15.66,RU,1595200108.0
441,tazovskiy,70.6339692687717,76.66808236533365,48.02,83.0,44.0,12.26,RU,1595200385.0
442,grajau,-5.063319324622114,-46.02569144635385,79.25,48.0,70.0,4.38,BR,1595200385.0
443,nsoko,-27.052691432807713,33.019599799661194,51.8,93.0,0.0,2.24,SZ,1595200385.0
444,ligayan,2.6712796650816983,119.84163819198392,83.7,73.0,42.0,7.65,PH,1595200386.0
445,makakilo city,14.987349534011855,-161.70756873321452,89.6,49.0,40.0,10.29,US,1595200101.0
446,tiruchchendur,8.088788341021669,78.75784121788752,82.65,76.0,48.0,4.52,IN,1595200386.0
447,kachug,54.51544060116521,106.08386308042299,49.17,69.0,1.0,3.38,RU,1595200386.0
448,praya,-13.874674715448819,116.5019550140102,78.8,78.0,75.0,12.75,CV,1595200386.0
449,cabo rojo,16.172782164099175,-68.20266291897384,84.0,85.0,56.0,1.01,PR,1595200386.0
450,coihaique,-50.11399934493215,-77.43977280463533,33.8,90.0,90.0,4.7,CL,1595200386.0
451,rawalpindi,33.37211711611765,72.7779000261256,77.0,73.0,40.0,9.17,PK,1595200386.0
452,dunedin,-47.93890516733319,173.15922965480343,46.99,75.0,67.0,7.0,NZ,1595200223.0
453,salme,57.9702922823752,22.032176990009447,68.0,100.0,90.0,3.36,NP,1595200386.0
454,odda,59.876103576089406,6.849888247468442,53.01,86.0,69.0,3.0,NO,1595200386.0
455,kamiichi,36.627307934748245,137.52455895812915,77.0,94.0,75.0,2.24,JP,1595200386.0
456,waynesboro,38.067992751278155,-78.97925691951016,91.99,46.0,1.0,3.8,US,1595200387.0
457,manono,-7.7167473595523575,28.037494047993135,64.0,45.0,0.0,2.42,CD,1595200387.0
458,buckeye,33.627953288884584,-113.02922984451158,107.01,13.0,75.0,6.93,US,1595200327.0
459,yecla,38.57007727921916,-1.1179481203969033,75.0,83.0,42.0,3.0,ES,1595200387.0
460,baherden,38.21810704017588,57.134212288368985,92.98,19.0,0.0,13.35,TM,1595200387.0
461,kushmurun,51.12785654095174,63.688668072079025,71.22,67.0,10.0,1.48,KZ,1595200387.0
462,port shepstone,-32.34798912986242,32.843755879870855,59.49,82.0,12.0,6.51,ZA,1595200387.0
463,merauke,-9.42976465116773,140.46666127986424,76.41,87.0,100.0,15.43,ID,1595200387.0
464,nome,64.1314099762572,-163.54787390622315,59.0,54.0,75.0,8.05,US,1595200387.0
465,santo antonio de jesus,-13.118427267972095,-39.23766618412898,64.96,94.0,9.0,4.83,BR,1595200387.0
466,myanaung,18.17683474044742,94.85679321952944,77.94,87.0,100.0,3.13,MM,1595200387.0
467,woodway,31.4977794770643,-97.40897573207067,98.01,34.0,1.0,9.17,US,1595200387.0
468,talara,-5.493258367858246,-84.79095234560006,61.95,87.0,41.0,18.43,PE,1595200326.0
469,kolokani,13.731281171530341,-8.7082919360451,74.95,86.0,100.0,7.43,ML,1595200388.0
470,san luis,-31.943927029900898,-66.01226954558997,54.77,76.0,23.0,10.54,AR,1595200192.0
471,saint anthony,51.71031000746041,-54.27057577668447,82.4,39.0,1.0,19.46,US,1595200388.0
472,berbera,10.333675910166988,46.07031499236453,87.53,45.0,1.0,21.0,SO,1595200388.0
473,rocha,-47.55761441417061,-43.1508626624686,65.19,92.0,95.0,4.72,UY,1595200383.0
474,ramshir,31.08661708722451,49.05639472651967,100.4,33.0,0.0,3.8,IR,1595200388.0
475,korba,22.554617625528095,83.00372318491628,81.39,78.0,100.0,0.94,IN,1595200388.0
476,vikhorevka,56.86665583089834,100.41128566635768,50.0,93.0,4.0,0.89,RU,1595200192.0
477,bobovdol,42.29290432487352,22.955503070475572,62.6,88.0,75.0,6.93,BG,1595200388.0
478,timbiqui,2.76668164879716,-77.2596953517797,77.58,91.0,68.0,7.65,CO,1595200388.0
479,tigil,59.07704463954644,157.39642915632203,59.97,62.0,21.0,9.13,RU,1595200388.0
480,isangel,-20.499222485712252,179.4259377348472,75.2,73.0,40.0,4.7,VU,1595200117.0
481,gao,17.412245368617008,0.46401100779968374,92.32,38.0,34.0,4.43,ML,1595200388.0
482,alta floresta,-8.838989239929575,-55.81726714224928,79.23,39.0,74.0,4.81,BR,1595200389.0
483,sobolevo,56.23199163616934,156.03046949529227,55.38,89.0,32.0,2.75,RU,1595200327.0
484,boyolangu,-14.816048398939557,110.72900179395123,73.78,91.0,41.0,4.63,ID,1595200243.0
485,manta,0.721984427566511,-82.95013331005929,77.0,73.0,20.0,12.75,EC,1595200389.0
486,soyo,-7.082585988574422,9.851553940555362,71.28,92.0,43.0,3.33,AO,1595200389.0
487,neuquen,-37.18023118255601,-69.5242294869416,51.8,87.0,74.0,3.36,AR,1595200157.0
488,hubli,15.515925430094939,75.1934335826553,72.97,91.0,100.0,6.35,IN,1595200389.0
489,moron,48.542504209099405,99.0881835725504,68.0,82.0,80.0,2.24,AR,1595200388.0
490,jiuquan,39.99006436979769,99.19453843251364,72.16,21.0,97.0,1.83,CN,1595200157.0
491,palmas bellas,9.613929168031504,-80.92381515234798,81.0,94.0,100.0,7.0,PA,1595200389.0
492,fairbanks,69.57062727254836,-146.2621883411287,72.0,52.0,40.0,4.7,US,1595200389.0
493,avera,-25.425818523343068,-152.48219482933612,96.8,37.0,1.0,8.05,US,1595200375.0
494,batavia,42.70314860864016,-77.93015088399828,82.99,57.0,1.0,14.99,US,1595200389.0
497,lashio,21.975750654064626,98.8095836671464,68.43,100.0,100.0,2.15,MM,1595200390.0
498,khromtau,49.66141848721318,57.92760883542391,67.32,66.0,0.0,8.72,KZ,1595200390.0
499,tarija,-21.483808156888358,-64.69752817359904,65.19,61.0,30.0,2.53,BO,1595200390.0
500,chapais,53.05423995924309,-74.44288401099185,75.2,78.0,90.0,6.93,CA,1595200390.0
501,nokaneng,-20.448792022655866,21.52890852208236,52.57,44.0,0.0,6.73,BW,1595200390.0
504,mombetsu,44.088796925933735,143.2146031587189,71.01,77.0,0.0,5.99,JP,1595200390.0
505,saint-augustin,55.13305384506771,-58.8029964269719,71.17,61.0,55.0,11.05,CA,1595200335.0
506,russell,-27.629670974150848,178.2379112400547,96.8,47.0,1.0,4.18,US,1595200390.0
507,kemin,42.50440889903379,75.45314060512317,66.56,36.0,22.0,7.34,KG,1595200390.0
508,korla,37.86467562061631,89.9605355038824,75.99,89.0,100.0,1.99,CN,1595200390.0
509,yeppoon,-20.597520900931386,154.4275685112513,57.2,82.0,0.0,4.61,AU,1595200391.0
510,tarakan,2.212533485892564,119.66037673846012,78.49,86.0,99.0,5.57,ID,1595200111.0
511,calvinia,-31.73220045050366,20.298712188762323,52.45,39.0,0.0,6.96,ZA,1595200391.0
512,santiago del estero,-28.443282549226957,-63.406957268955296,73.99,63.0,7.0,0.96,AR,1595200189.0
513,totma,59.84391319469208,42.424474692669094,55.78,88.0,31.0,5.21,RU,1595200391.0
514,sabha,26.213483903001347,15.578265147447269,88.86,25.0,15.0,21.07,LY,1595200186.0
515,syracuse,36.563636682265894,15.949758536382916,73.4,83.0,42.0,3.36,IT,1595200391.0
516,krasnoarmeysk,54.03255062190911,69.31299284716223,69.01,53.0,2.0,4.0,RU,1595200391.0
517,tokur,54.42718675538404,132.55181667897625,73.81,68.0,98.0,1.34,RU,1595200391.0
518,padang,-9.515289481358053,88.44513807861995,73.4,94.0,40.0,2.24,ID,1595200391.0
519,itarema,3.2106858277259818,-38.65605807276489,77.05,78.0,41.0,12.06,BR,1595200356.0
520,demirci,39.43199432057355,28.420465282779162,75.0,43.0,0.0,8.01,TR,1595200144.0
521,plouzane,47.40586151705568,-7.922312194386478,59.0,93.0,90.0,6.93,FR,1595200120.0
522,laiyang,36.80097109871839,121.14919790814116,75.99,86.0,59.0,5.95,CN,1595200147.0
523,sola,-13.301916709761343,165.06672220942812,78.8,83.0,90.0,6.93,VU,1595200127.0
524,ocos,13.169630228890412,-93.5984163406332,84.2,89.0,75.0,11.41,GT,1595200392.0
525,tiznit,29.9799486037778,-11.561839061346518,82.02,35.0,0.0,3.67,MA,1595200124.0
526,walvis bay,-24.45780815155547,13.5761352551622,72.0,16.0,0.0,14.99,NA,1595200384.0
527,krasnoselkup,66.95115439828442,83.59011126736169,54.72,73.0,98.0,11.63,RU,1595200392.0
528,mehamn,82.58792695121963,29.594411474637525,52.5,84.0,100.0,6.35,NO,1595200392.0
529,rusape,-18.489421783395528,31.94194679998995,44.11,78.0,0.0,4.56,ZW,1595200392.0
530,singaraja,-6.708217140518514,115.57919079080625,77.85,74.0,9.0,3.2,ID,1595200392.0
531,agua verde,22.82927260682159,-106.18560953329484,91.4,55.0,20.0,11.41,MX,1595200392.0
532,buta,2.302577129486451,25.44750015485147,69.85,97.0,100.0,1.1,CD,1595200392.0
533,nabire,-2.6378246303237347,134.22900279338018,79.97,73.0,35.0,2.48,ID,1595200110.0
534,beringovskiy,55.207818371640485,175.70321635899774,45.14,78.0,58.0,15.57,RU,1595200113.0
535,sompeta,17.904021397041546,85.77021018462636,82.69,82.0,100.0,13.49,IN,1595200392.0
536,chipinge,-19.74070434356706,32.58098613689029,48.06,92.0,4.0,4.76,ZW,1595200392.0
537,cayenne,9.283698777024512,-43.90769621484438,80.6,83.0,85.0,4.7,GF,1595200191.0
538,kitimat,53.20724274571367,-128.20219753627632,72.0,64.0,69.0,1.01,CA,1595200393.0
539,leogane,18.424736344452484,-72.61605305951777,84.2,74.0,75.0,3.36,HT,1595200393.0
540,ebolowa,2.972469076324714,11.195804428465237,68.29,96.0,100.0,2.33,CM,1595200393.0
541,along,30.90018956527811,94.52148948630366,73.98,90.0,100.0,3.02,IN,1595200393.0
542,hay river,64.94127839269385,-119.5888664212539,77.0,50.0,75.0,4.68,CA,1595200393.0
543,fremont,41.830656609585986,-96.67554223367108,84.0,68.0,5.0,19.46,US,1595200231.0
544,yanam,15.91502439464844,83.10233268003401,81.0,89.0,100.0,4.72,IN,1595200393.0
545,kamyshevatskaya,46.33299409182712,37.67660065550436,74.5,61.0,4.0,14.38,RU,1595200393.0
546,deputatskiy,72.15132260284483,142.30447710693215,59.83,65.0,100.0,2.93,RU,1595200193.0
547,greencastle,39.6847370859509,-86.99156874688694,71.6,88.0,40.0,6.93,US,1595200109.0
548,mongo,12.16022964802444,18.526904836723503,74.8,78.0,91.0,14.63,TD,1595200157.0
549,sistranda,67.49976315768745,6.680254916387355,53.6,87.0,75.0,3.36,NO,1595200394.0
550,jacksonville,32.14056702537414,-95.49049238473282,89.6,62.0,20.0,13.87,US,1595200137.0
552,komsomolskiy,76.41002153684926,173.34929910472863,75.2,36.0,19.0,9.17,UZ,1595200349.0
553,buraydah,27.406018231681827,42.48908669006835,95.0,23.0,8.0,10.29,SA,1595200394.0
554,huntsville,34.895014937377624,-86.37832636919,86.0,79.0,1.0,5.82,US,1595200175.0
555,la ronge,55.27717149054541,-106.86157674686038,68.0,68.0,75.0,9.17,CA,1595200394.0
556,preeceville,52.1595060725877,-102.9301826154242,65.07,72.0,86.0,3.96,CA,1595200394.0
557,ikalamavony,-20.918946807679646,46.138821364622146,50.22,80.0,9.0,7.0,MG,1595200394.0
558,lichuan,30.069005225194616,109.03831016264604,63.63,96.0,100.0,1.99,CN,1595200395.0
559,khasan,41.06612508217421,131.0771876522299,67.32,95.0,100.0,18.48,RU,1595200395.0
560,hit,31.740177871026376,43.193773706005885,91.17,15.0,0.0,7.87,IQ,1595200395.0
561,jibuti,10.786729652215186,43.355140623471215,96.8,34.0,40.0,10.42,DJ,1595200395.0
563,souillac,-57.74046080225253,78.38898948596886,66.2,88.0,40.0,5.82,MU,1595200372.0
564,pacific grove,33.16176445909076,-128.22134638630536,70.0,64.0,1.0,12.75,US,1595200350.0
566,quatre cocos,-15.230204872762755,70.7811641340204,66.2,88.0,40.0,5.82,MU,1595200392.0
567,havoysund,79.09043950643641,25.29687619639654,53.6,76.0,99.0,4.7,NO,1595200381.0
568,derbent,42.970597828108936,49.42358993949705,79.23,69.0,0.0,3.74,RU,1595200395.0
570,saldanha,-37.08018391723234,1.126788882750759,48.2,87.0,0.0,4.7,ZA,1595200395.0
571,nanakuli,6.361520338780423,-167.6471049654481,89.6,49.0,40.0,10.29,US,1595200190.0
572,zhezkazgan,47.98955097707625,66.03746201937722,76.55,41.0,37.0,9.37,KZ,1595200396.0
573,biak,-2.0007995348201604,136.01327831617743,77.36,81.0,66.0,7.56,ID,1595200396.0
574,charters towers,-19.696231190516826,145.48255754028128,62.96,78.0,86.0,4.99,AU,1595200139.0
575,saint-pierre,44.671176593744576,-56.49375227100164,62.6,72.0,40.0,4.7,RE,1595200111.0
577,aksu,40.65168196851894,79.05773918403798,70.99,46.0,99.0,0.83,CN,1595200396.0
578,goryachegorsk,55.60130136200203,88.72808288554751,54.68,84.0,1.0,3.96,RU,1595200396.0
579,martapura,-4.88437094678639,115.02012358680201,75.2,100.0,90.0,1.12,ID,1595200397.0
580,dutlwe,-24.129337832663765,23.61869883027137,49.23,40.0,0.0,8.28,BW,1595200266.0
581,san pedro,-17.712547813649593,-59.60849151977753,82.99,83.0,96.0,5.82,PH,1595200397.0
582,hualmay,-16.31679480855314,-86.3327573671272,61.7,80.0,40.0,10.31,PE,1595200397.0
583,yumen,36.80483020950365,93.00169298723029,75.63,19.0,90.0,6.44,CN,1595200397.0
584,tucuma,0.6799469627559773,-49.7879509216875,77.2,87.0,37.0,8.86,BR,1595200397.0
585,wejherowo,54.775684868816455,18.144452800940655,64.99,88.0,14.0,2.24,PL,1595200397.0
586,tual,-7.2455232348210075,135.61102697947,78.64,84.0,51.0,20.18,ID,1595200398.0
587,shimoda,23.166170976536478,141.44074983818984,78.01,84.0,100.0,0.98,JP,1595200098.0
588,coos bay,42.22556207962657,-130.2275395446096,78.01,77.0,1.0,24.16,US,1595200398.0
589,pocao de pedras,-4.894020963045747,-45.22190099055996,79.27,58.0,55.0,2.48,BR,1595200265.0
590,toora-khem,53.83739528884095,96.6948391660053,50.54,69.0,0.0,1.34,RU,1595200398.0
591,lano,-13.286813885012037,-171.76148167935344,77.85,81.0,99.0,8.61,NG,1595200398.0
592,pangody,68.55591589089548,75.05991563718982,48.02,90.0,14.0,13.33,RU,1595200398.0
594,manica,-18.142081075110738,33.02692428922461,62.6,88.0,90.0,4.7,FR,1595200398.0
596,roald,64.46085557423811,5.682758442033958,53.6,81.0,10.0,14.99,NO,1595200399.0
597,aksarka,70.69636408615813,67.97758179758392,46.0,84.0,33.0,8.21,RU,1595200386.0
598,amstetten,48.14367132999925,14.946248236256736,63.0,88.0,15.0,1.92,AT,1595200399.0
599,osorno,-40.63148923113124,-74.46389858695402,48.2,93.0,75.0,8.05,CL,1595200399.0
600,chifeng,43.665714687556886,118.05328650679462,68.45,50.0,0.0,6.15,CN,1595200399.0
601,san quintin,25.881084701291385,-122.9224731077735,77.77,53.0,0.0,19.62,MX,1595200399.0
602,acapulco,3.9863413787995086,-104.80224491031755,87.8,74.0,75.0,5.82,MX,1595200275.0
603,nador,31.69689921075681,-1.5675994793878374,77.0,78.0,0.0,5.82,MA,1595200399.0
604,quito,-0.1626069714319982,-78.625761869079,71.6,30.0,75.0,14.99,EC,1595200399.0
605,iwanai,42.73841662062571,139.18273784742576,75.07,74.0,99.0,2.37,JP,1595200399.0
606,bandar-e anzali,37.41922592726006,49.32528469223024,80.76,74.0,23.0,2.93,IR,1595200400.0
607,srandakan,-9.849639410812571,109.19461126792106,75.13,89.0,45.0,6.98,ID,1595200400.0
608,sao sebastiao,-25.68016396785528,-45.193670570558226,66.45,83.0,5.0,2.77,BR,1595200400.0
609,tilichiki,57.855935567096196,166.0047256085669,52.84,92.0,100.0,7.78,RU,1595200400.0
610,manicore,-5.361339495267302,-61.16449533539483,86.0,70.0,58.0,1.12,BR,1595200191.0
611,sulphur springs,32.844566047384845,-95.31455595690723,99.0,34.0,1.0,9.17,US,1595200400.0
612,inirida,4.221760391038288,-66.23426037634702,76.01,94.0,89.0,1.36,CO,1595200401.0
613,honiara,-11.954751715707275,158.6955642243105,84.2,74.0,75.0,3.36,SB,1595200355.0
614,tambura,6.267035314225936,27.287620090439987,66.87,97.0,99.0,2.33,SS,1595200401.0
